,real_river,date,Q,TotN,DIN,TDP,TOC,SS
0,4,2017-01-31,2.37988797955513,2.7737721907519397,1.453751479205671,0.08593775866884638,19.75033940562866,0.32565257685934307
1,4,2017-02-28,1.7871839989185334,1.803096867817785,1.038699437158366,0.046026514015594516,14.888551519056557,0.2450602345140298
2,4,2017-03-31,3.5414496431350706,3.541706404560809,2.0531289396078565,0.08903097113116597,29.706334942806574,0.4842989614508854
3,4,2017-04-30,1.77690239610672,1.6850893628859727,0.8922551833141021,0.044139154185404504,15.143641774899985,0.24237743054541214
4,4,2017-05-31,0.8053344002008438,0.6512735677381954,0.2284801743166654,0.01946513835033234,6.955638999628026,0.109841116881893
5,4,2017-06-30,0.42772320066690445,0.3271260193258245,0.09252045500596104,0.010314312588661877,3.515159354306802,0.05844521006796396
6,4,2017-07-31,0.11008224048614502,0.07495383432506275,0.014502929489127762,0.002664732176832702,0.8581502664730494,0.014912434055976618
7,4,2017-08-31,0.7348233571887016,0.43345990968448417,0.024538058040915946,0.01850326834384998,5.474714189672081,0.09903839969230717
8,4,2017-09-30,1.9570463929653168,1.6107317791752094,0.3544471376362652,0.07230480906854299,16.478234304490048,0.2657783692631144
9,4,2017-10-31,3.3305472212791445,3.587869215580186,1.143544519250016,0.16581403461521318,30.760605775688973,0.4536464552510777
10,4,2017-11-30,4.998758369636536,5.373139765102629,1.7162050291823363,0.2477527824758397,47.34513089746554,0.6809335136553444
11,4,2017-12-31,5.805820812606812,5.803140024564362,2.0290951728700892,0.25473867672866923,56.613313091950545,0.7902828860022092
12,4,2018-01-31,5.084726375198365,4.065459168115481,1.9276821508670228,0.1459939974160107,51.26765526909455,0.6967345671113843
13,4,2018-02-28,2.4693984051704407,1.8832543550256327,0.9454807755456826,0.0636523411869414,25.670798747260896,0.3394085687674183
14,4,2018-03-31,0.9160127985477448,0.7029496336191129,0.35230216700091505,0.024118470929421855,9.540572529992833,0.1251395593933951
15,4,2018-04-30,2.5815455929756164,2.3021133815526826,1.0803957570495812,0.10371505942718247,26.540540297454825,0.3521405531813819
16,4,2018-05-31,1.1364278366804124,1.0199206163775867,0.47742766394387215,0.04659267586920069,11.078965193594264,0.15499867262937375
17,4,2018-06-30,0.2693519996523857,0.24049151688064394,0.11378832844852159,0.010749391719078964,2.4602899495968233,0.03681302949100984
18,4,2018-07-31,0.14067647985219955,0.13149850953208317,0.07245730475418861,0.0045682422806612956,1.2690883846599577,0.01904793204975447
19,4,2018-08-31,0.15711840153336526,0.15818683926626617,0.10591919657396748,0.0039871027471597405,1.3371290340247781,0.02117419923969279
20,4,2018-09-30,2.603154252433777,2.6187678070003093,1.7715981426766028,0.06566923313949112,21.626617563207937,0.35380043061792155
21,4,2018-10-31,1.4795136011123657,1.491929497859285,1.0059937497617624,0.0371461066010984,12.715125997966306,0.20149946832904414
22,4,2018-11-30,3.858710367679596,4.1615609420166075,2.562820070790437,0.09462549457030617,33.47674157885302,0.5256449890895809
23,4,2018-12-31,4.103654407024384,4.856664602211852,2.6284245465637492,0.09604987787952483,38.8722539242112,0.5586185486720245
24,4,2019-01-31,0.8674559992790222,1.0266483066528338,0.5550290419549114,0.020304423437154866,8.228947066814698,0.11870015362965948
25,4,2019-02-28,5.410195188474655,6.172011813727441,3.332061910705526,0.12996020308198752,51.97364711426633,0.7429496034344798
26,4,2019-03-31,5.866387148666382,5.457355093400673,2.7477317686504867,0.16254252629294502,58.71029080622677,0.801773959429288
27,4,2019-04-30,0.5962463981151581,0.5277024042328323,0.25190918311989985,0.021492572005253566,5.92743102850128,0.08133533756712513
28,4,2019-05-31,0.40727232241630557,0.3455494100863434,0.14839100795079085,0.013901299609655448,3.831798480418398,0.055553236812968115
29,4,2019-06-30,0.9637055992841721,0.7546570447308393,0.2528606656145304,0.027060879449060965,8.745634136501842,0.1316558831894498
30,4,2019-07-31,0.21964607927799226,0.15943342769592803,0.041058837727072243,0.005678901052796421,1.919361953013916,0.029740861398977546
31,4,2019-08-31,0.6820761577963829,0.5276479318361381,0.16593481582432845,0.01922374662290474,5.744660245393828,0.09197080145634026
32,4,2019-09-30,3.1353695836544038,2.79283599030387,1.2253389966489496,0.0957469377769501,26.526429374722976,0.4257820094652404
33,4,2019-10-31,7.145539120960236,7.100785683157158,3.8959199708639463,0.21400460725911996,62.27250974615344,0.9733452894731696
34,4,2019-11-30,4.422297601318359,4.669826993842005,2.593153310845685,0.12096922015849348,39.73124726676623,0.6024014185896199
35,4,2019-12-31,9.186047932434082,10.171991841440564,5.448549697511412,0.24514611221919835,85.57982501904732,1.250286646714193
36,5,2017-01-31,41.06268014831543,21.08986363940885,11.816648327836813,0.2589034578314244,340.75656681687593,5.623047866372946
37,5,2017-02-28,22.034159925842285,11.810290080225672,6.022158225939164,0.14058919452571797,183.26727058353916,3.0254601345349106
38,5,2017-03-31,58.536,31.86062101748898,15.53005527356624,0.3882643575481908,491.6081541585937,8.000127974476147
39,5,2017-04-30,27.120960049438477,15.075025989538096,7.280631769027565,0.19867951101545653,230.78036516348195,3.6994440443462735
40,5,2017-05-31,26.507519892883302,14.882304329859984,6.359063204675267,0.22114487806870445,228.9701274501645,3.615438219067968
41,5,2017-06-30,11.64024001235962,5.861200123843905,2.4620975689799804,0.06343526806222978,95.65653765089169,1.590462957047729
42,5,2017-07-31,4.901580004119873,2.2397458035847135,0.9118868508136639,0.022180444461550996,38.26225994509311,0.6643146165702793
43,5,2017-08-31,5.611139991760254,2.384962670082007,0.985924054224548,0.02795940897567996,42.2035935799984,0.7563859431973402
44,5,2017-09-30,30.568320016479493,14.20258163201375,5.99074637698359,0.11484390759517654,258.81654546510487,4.154758995117853
45,5,2017-10-31,46.017720016479494,23.43024540862421,9.667197542938096,0.20945100339770545,425.07271151877416,6.267829237494547
46,5,2017-11-30,59.8644,33.433549879500134,14.398511743313325,0.3194989130916457,566.7383423882812,8.154674987897872
47,5,2017-12-31,86.4972,49.490833374460244,21.346880036166823,0.5854357174247938,842.0525011195313,11.773826165036487
48,5,2018-01-31,80.2656,47.10292617133353,19.784254242014654,0.5948227236296163,807.1566846750001,10.986587574809361
49,5,2018-02-28,59.995079983520505,33.83574504319863,14.335239432425215,0.4238981791769331,625.5433785216622,8.242928920297697
50,5,2018-03-31,23.442480107116697,13.183407573372142,5.524308217831381,0.14879587037185812,244.21848935570543,3.203373885391262
51,5,2018-04-30,35.97048002471924,20.152171459592036,8.221241587438366,0.21362966784970325,369.3111504646721,4.906372840003912
52,5,2018-05-31,27.64691993408203,14.582025989395632,5.349192881342871,0.17366427469117293,266.8764328632397,3.770839174502904
53,5,2018-06-30,8.211240032958985,3.8372441148962575,1.1720108873796846,0.04089409645971574,75.13741111808076,1.1218399443745337
54,5,2018-07-31,3.1290839796066283,1.3732708842237906,0.40124455905468787,0.01459393250405467,28.252763953437512,0.42424568087968784
55,5,2018-08-31,0.9734040012359619,0.43275604770874804,0.12418954001188026,0.004971726078034875,8.313057630088043,0.13105573980566446
56,5,2018-09-30,13.802615989494324,6.396841398492935,2.4630204425508335,0.06733825601680415,115.01106690563152,1.8771789638823535
57,5,2018-10-31,24.773039991760253,12.229337799074353,5.368899343564999,0.09716096395338907,212.95438307469382,3.3740844974411774
58,5,2018-11-30,47.619359967041014,25.131820516313372,12.020517668320792,0.2617037600568013,414.09389253262987,6.486820735457366
59,5,2018-12-31,60.9444,32.59890670121482,16.721796983938052,0.4321559676625069,580.7199655511718,8.294803219058704
60,5,2019-01-31,25.22447994232178,13.474620221989714,6.880773051949441,0.17618295814519666,239.2717801508608,3.4522652305417414
61,5,2019-02-28,64.68012001647949,34.92997849842065,16.81339619958393,0.43954644576982843,624.6800452003176,8.876659333877551
62,5,2019-03-31,90.6444,49.800797463766344,21.44176011914748,0.5807873706327711,908.2060768792968,12.3843956492383
63,5,2019-04-30,29.773440115356447,16.176615823646454,6.525924637629394,0.18186992674395128,295.8483978043604,4.0613928384507485
64,5,2019-05-31,12.286079921722411,6.318836247095027,2.3239007677712338,0.0732783913402352,116.37912052384358,1.6757611673282662
65,5,2019-06-30,13.601520016479492,6.448723200031495,2.1382108775898083,0.07203937148154192,122.74339685386104,1.8585751146009308
66,5,2019-07-31,7.745759987640381,3.5134304447677023,1.135658517854993,0.03932983899062569,67.7902591027163,1.0495060871178534
67,5,2019-08-31,8.085959997940064,3.6700091737678124,1.2655860213819747,0.041292350778761165,68.19145753398601,1.0902098826822855
68,5,2019-09-30,40.18032001647949,18.848069230242693,7.358525133979763,0.1975492415661969,339.9377350745447,5.459183696739637
69,5,2019-10-31,85.6008,42.68858162815857,18.449011731940963,0.4221991090613533,746.0551981476563,11.659653458436297
70,5,2019-11-30,69.444,36.40225924262245,16.721671623425355,0.4001343117883294,621.6544868660156,9.459728553458977
71,5,2019-12-31,117.6012,63.350136332131996,30.17529802887878,0.7941422502945672,1098.5412841066407,16.005448956879615
72,6,2017-01-31,99.21292947235108,31.63034066132583,12.477110708862542,0.17088036828928835,786.1176240698552,32.48084931569812
73,6,2017-02-28,33.40691464691162,11.047369815490951,4.361810660359512,0.0569046132873269,264.62179262860496,12.134457461444192
74,6,2017-03-31,117.17718068847657,38.134815210582296,15.047561597041089,0.20450355318331054,943.747357011411,34.63334852503378
75,6,2017-04-30,73.487007421875,22.994746294241256,9.025275873928942,0.1206686884306305,623.7185694558254,22.66248130882538
76,6,2017-05-31,59.46786256942749,17.356856812318554,6.696233448959057,0.07635541144634089,464.9355104205326,9.949366805610408
77,6,2017-06-30,28.66184705429077,9.648516560134324,3.8301573364840586,0.04548136579004501,222.42562856755322,5.385865445820885
78,6,2017-07-31,8.609493782043456,2.6185637120025294,1.0122644095757292,0.012998299355816197,68.38317681300992,1.9087578800649962
79,6,2017-08-31,22.729829452514647,6.426541819937223,2.474446610596337,0.02341894975154013,182.15551036002898,4.68474695788007
80,6,2017-09-30,98.30494084625244,29.30161282518382,11.407923089056734,0.063699827336181,783.3131252380713,18.09740794001974
81,6,2017-10-31,107.70071973266602,31.58815419408696,12.261033708721895,0.12839416333789008,882.8629028715735,21.05206147833706
82,6,2017-11-30,145.25785931396484,42.337534915640646,16.41324035599107,0.17459163502606337,1236.040292477343,26.89494769276515
83,6,2017-12-31,179.67258830566405,55.00562721761452,21.455308933233425,0.2052015995040219,1544.285879499202,51.48604516372095
84,6,2018-01-31,156.21800734863282,53.36338332635453,21.307008619615218,0.24387454024429475,1344.6941748258846,32.19882063598706
85,6,2018-02-28,106.40163905639649,33.95590327757795,13.420323607130523,0.09240642480191065,929.8238938830326,17.64293646125972
86,6,2018-03-31,37.19476380844116,11.275817671208987,4.422194259188895,0.03220721579634292,321.6993540472554,6.1005824539061315
87,6,2018-04-30,141.5206068283081,46.10881298878522,18.35822198165384,0.31788339636497726,1208.4017031895355,63.8152475070242
88,6,2018-05-31,109.71087838439941,35.82454372006892,14.27089121519103,0.12074024789699808,928.6919019653711,40.62325386118715
89,6,2018-06-30,8.4508691116333,2.7292486564221647,1.0764160783578003,0.018859252511398705,70.02795556469673,2.181718659554014
90,6,2018-07-31,9.975580959320068,3.309342107888218,1.315382974721543,0.043493447777676865,86.36029228299788,3.3617477334233876
91,6,2018-08-31,9.455948272705077,2.9405802091245956,1.1561618943288956,0.052804178366093274,79.36789709339325,2.7229425209049647
92,6,2018-09-30,9.968743782806396,3.4673413090550143,1.3751291123454623,0.02166151413397791,77.15150204129822,3.3670049111014615
93,6,2018-10-31,30.971477938842774,9.8068109950848,3.860614844090645,0.03792337028463485,247.19145666697352,5.309336710629248
94,6,2018-11-30,116.40183234329224,41.376848816496924,16.656927959974343,0.45111734114409463,950.2354347907266,27.439538340445488
95,6,2018-12-31,177.24945959472657,58.786261199582405,23.48153884564645,0.1618132192077417,1491.210185418831,30.715855571168216
96,6,2019-01-31,41.91248125305176,13.068824608321753,5.172359425577973,0.033008195146247477,338.42040594109096,8.313057782401428
97,6,2019-02-28,119.3459628364563,37.8270315795334,15.050124207370693,0.11279448967971488,920.1754569532385,21.653249088634634
98,6,2019-03-31,246.15822579345704,81.36706053101149,32.72217822300062,0.3509376205171635,1956.3071452607217,64.84944116072279
99,6,2019-04-30,104.17815791015624,33.12555431999907,13.228265488813546,0.20608042850885266,793.8834585805457,59.20269737576949
100,6,2019-05-31,55.01269637374878,18.179239953955,7.303742107722573,0.06558976095118581,425.8818041977774,13.340582109728116
101,6,2019-06-30,75.52451438827515,25.37468618370397,10.245285025981067,0.16021852127489758,582.4415486671119,12.435448723240746
102,6,2019-07-31,8.177378096008301,2.7071795896331907,1.0896821787427309,0.016339186225220244,63.614144901281776,1.4529522323251676
103,6,2019-08-31,36.89392334518433,12.245745577565236,4.930339198466691,0.07529082676024326,286.5131340464402,6.745356710284406
104,6,2019-09-30,117.30879827270508,38.925149249459366,15.619004428551824,0.24071325528919968,897.9089951382321,26.017134067350508
105,6,2019-10-31,235.15944916992188,77.83411537237876,30.63239620120925,0.5631086253113656,1796.5037891582715,51.085728076094846
106,6,2019-11-30,199.56768513793946,67.2249455587145,26.47260602531374,0.4439277370421136,1542.0373157889146,42.315044434990035
107,6,2019-12-31,323.5260708984375,111.95719799432929,43.285468165199006,0.4693058589371307,2541.984357176701,63.693211028875645
108,7,2017-01-31,1385.0434700683593,226.99045265683256,102.84901461723716,1.9856897398766775,4904.85562830033,708.8689753089296
109,7,2017-02-28,1031.599546875,164.1883285255133,70.27596020227858,0.7412167662069511,3673.987372739178,357.6777100121583
110,7,2017-03-31,1014.9393695800782,212.30764175150367,88.58305124987143,2.2951550231376214,3945.5281491418236,783.9276762253594
111,7,2017-04-30,1322.4748974609374,261.6343024146485,108.76917287232067,2.9265787112673753,5599.75942263894,927.8405740876727
112,7,2017-05-31,2549.3162154785155,496.2567891961617,149.77355149409684,4.738882160782319,11459.204729261723,1213.9207001989384
113,7,2017-06-30,3649.451994140625,592.7762901728331,165.32849290353184,4.12386515300812,12692.687527367669,1323.2409462226929
114,7,2017-07-31,1948.0683594726563,271.759977109355,77.31111412621372,2.43245242435961,5423.141933511685,564.9474593342928
115,7,2017-08-31,2713.665448828125,430.71691997662276,108.92055129641616,5.035106092331285,9471.681565246106,1042.2931447470444
116,7,2017-09-30,2483.3686614257813,435.9581869788306,143.31196951961118,6.560474918488355,12251.908468615005,1077.3619883944236
117,7,2017-10-31,2473.1699743652343,395.40300329135687,172.16422331267185,6.211324268497553,12104.632158875182,1598.7830571272639
118,7,2017-11-30,1717.0930705078124,351.00073714164586,100.95864914003558,3.8333553658696946,9190.074952642079,1977.94950026591
119,7,2017-12-31,1589.5167020507813,377.63709385736416,101.86504777219837,2.471862131123046,8552.363162873606,1885.2553155191188
120,7,2018-01-31,1592.6900629394531,325.4437921265555,113.01967123432028,1.8186630131818022,6053.2193545632,639.9365825332857
121,7,2018-02-28,1221.4652673339845,231.73533670168797,86.71067967757075,1.0826747706653679,4189.510611702973,345.9947365366345
122,7,2018-03-31,990.1885677978515,179.18617382550642,80.10778425756398,2.0649463728654758,3200.4094480062176,377.9790084872939
123,7,2018-04-30,1704.8823837890625,353.68114665979266,162.87162479232012,8.744328567763823,7814.409068548479,1428.9525534639256
124,7,2018-05-31,5333.626071386719,929.2399853765211,174.64438935080716,17.393721853938242,24684.043788076982,4700.812932974157
125,7,2018-06-30,1988.8544203857423,267.04661329275257,79.9045952995672,1.9535429082676377,5083.534517440422,639.0016511450505
126,7,2018-07-31,878.442023803711,117.95651463039043,31.367585417642534,1.1271945912872219,2098.360642742884,190.37653985771328
127,7,2018-08-31,1667.240153173828,223.77118298309696,57.39952243452841,2.5048453142775013,3759.6933480342072,459.9202297316569
128,7,2018-09-30,1724.6529571289063,218.0150207976299,81.23066543445051,2.2570203600821674,5020.6513925100035,389.09534754953444
129,7,2018-10-31,1809.324179296875,261.6780868091517,130.14858008492467,2.449012022138552,5578.895756865534,403.59703488315347
130,7,2018-11-30,2055.6226313964844,485.9814471377505,265.5638714831555,3.4056322851387835,7526.77189472162,1000.8807457654461
131,7,2018-12-31,1446.8908658203125,476.4564127750899,235.31966649507854,2.9635334716059774,7192.494167956533,868.62507325234
132,7,2019-01-31,1303.9173544921875,214.879387245833,92.80732590278735,1.0658047326667512,4162.154450045463,247.16551174054672
133,7,2019-02-28,1281.84986953125,376.2507210273179,130.79490248941374,2.052097376570221,3997.505261825818,886.7783486337582
134,7,2019-03-31,1269.3783216796876,419.6231204583069,195.46322474868757,3.5738330807467396,5520.708446100189,1385.5467419528825
135,7,2019-04-30,1610.5948914550781,373.03818140309374,126.51521162730272,2.730670726259402,7729.750845037551,1084.9454708763983
136,7,2019-05-31,3558.5836708007814,709.9931048862918,162.34455562280453,5.847132080284375,17163.19859561892,2220.8988228312833
137,7,2019-06-30,4182.56846015625,768.749235034792,279.0224553093477,23.56319900420577,18427.67641813258,3102.1502928841887
138,7,2019-07-31,1585.6128500976563,255.72476630249713,75.68915327133489,2.287995872205167,5535.0710474470625,578.7846119845972
139,7,2019-08-31,1866.0970555664062,330.1864159074785,112.95548452090813,4.194918023823561,7087.213913217812,1386.8425373824534
140,7,2019-09-30,2328.276941015625,473.950327874205,181.91682621095129,8.009822653011907,11601.050442203057,2433.125041989252
141,7,2019-10-31,2277.0463552734377,474.4689562284594,152.07800635385254,5.2893299203137545,12901.263653331363,1517.0728807508744
142,7,2019-11-30,1712.8970450683594,328.86163552247103,135.07045277853848,5.3368395718734,12087.851839172743,1123.086975264471
143,7,2019-12-31,1750.9996546875,420.6330321566787,163.50135385380486,6.831366781965724,12003.323685362864,1158.9328546713475
144,8,2017-01-31,46.228257971191404,12.366280487952121,4.604442261336265,0.05807260928412679,392.6555145746901,5.84586587590889
145,8,2017-02-28,33.55255599060059,11.128767306038341,4.078199281800674,0.04855596765234892,288.005670871783,10.168284476009209
146,8,2017-03-31,58.45781683959961,20.71428030576941,8.13173350947126,0.07360304609467516,492.9258388277831,18.563464417917867
147,8,2017-04-30,31.649888740539552,9.873010483311814,3.779388913646781,0.03337130702606337,258.09686813791734,10.94652612830467
148,8,2017-05-31,22.582693841171263,6.331566220029251,2.4183932682917124,0.024695099740043983,180.569430646753,9.067859049521836
149,8,2017-06-30,37.082332081604,10.892925553069949,4.192169301582956,0.03591801926359818,292.2999212492255,17.851282935983534
150,8,2017-07-31,18.856090454864503,5.1815800021107155,1.9519996974131213,0.024887324439328007,147.16694865051497,7.168993239261026
151,8,2017-08-31,43.69574185180664,8.750061951577695,2.884830355631318,0.0594514781851355,341.4067704241231,29.589049430158596
152,8,2017-09-30,78.38989826660156,19.50610028797267,6.531259029749623,0.10722000578190334,599.7802227231354,29.682821071074397
153,8,2017-10-31,85.12140514526367,25.08403545299473,9.627228661166393,0.10579669802073495,652.421142546032,18.70005106839
154,8,2017-11-30,82.82508085327149,28.042415738449566,10.93216199474674,0.11184924870361738,644.5023190883527,13.61954265134234
155,8,2017-12-31,56.34519991149902,19.487888780817894,7.6896166266543045,0.08195122802181264,458.9258445838839,9.240900148730564
156,8,2018-01-31,50.32227329406738,16.485028870116608,6.468194716602452,0.07554119981312016,424.6289531296133,8.253461670146665
157,8,2018-02-28,51.59509183959961,16.945670300408988,6.6464163782624786,0.0828555724515172,439.0349610374927,9.729749154157567
158,8,2018-03-31,35.573319854736326,11.804537045994405,4.631487455517799,0.053427568841775464,298.6631273785557,6.223263878872694
159,8,2018-04-30,61.52832818756104,21.396335934438547,8.41363940105845,0.1042077472659389,496.0152631171504,16.864886785108094
160,8,2018-05-31,33.91996817436218,11.15084327842273,4.30211198591601,0.04244332606341456,269.93653396106504,8.710427911492456
161,8,2018-06-30,1.9682766094207764,0.39641526173099195,0.1364896434171921,0.0023087972091671806,15.457174594776475,0.47212632872259225
162,8,2018-07-31,2.0338858297348024,0.30469822172202776,0.10311651289338379,0.0022579700919095193,15.871967810687018,0.44342990927046494
163,8,2018-08-31,2.0338858297348024,0.26858128618873117,0.08705014103904286,0.002088139675014085,15.85192185527118,0.4450317462746673
164,8,2018-09-30,4.172746519088745,0.7998584418612148,0.2671350510110143,0.0040998115045279265,31.919548952511445,0.9992637473127656
165,8,2018-10-31,19.000430201911925,3.034506008570187,0.9893721435256826,0.02356671536959798,144.95991522066294,4.886766074183517
166,8,2018-11-30,61.65954664878845,20.923418691521594,7.182323005935592,0.08009604520378857,479.11184900251135,19.75438626290454
167,8,2018-12-31,75.16192491760253,37.487309565375625,14.217622147381435,0.08900098848920414,606.6680784516984,14.621920319143923
168,8,2019-01-31,16.809082762527467,9.062996257702418,3.3360374354008258,0.020689710845128436,140.78266230073783,3.3507740547023306
169,8,2019-02-28,62.00071506614685,45.810449367597634,17.899089877577513,0.09132533302946048,525.2559095781364,12.481700264492721
170,8,2019-03-31,109.29184189453125,83.36839874128854,26.281939061662566,0.19690326038593053,909.6558501099012,18.581996696088854
171,8,2019-04-30,43.9319347606659,28.801788858072484,5.951880595745135,0.06174501554605361,355.4797038790528,11.789075090495817
172,8,2019-05-31,8.516076999664307,2.8799496777726596,0.5119453139124712,0.01820406218686487,67.53132881176633,2.233690772681083
173,8,2019-06-30,65.58297790203095,27.72730148344921,9.250269707882573,0.12106321788956997,513.2372913578353,27.328043909753983
174,8,2019-07-31,21.034316320037842,7.337454646596274,2.738564855438753,0.03992886731863976,163.81645533510374,8.257349401117384
175,8,2019-08-31,26.086226371765136,5.852643672072633,2.148633011981652,0.06152051207881139,202.95665001864083,11.139932521527655
176,8,2019-09-30,101.7992679840088,30.483686382291893,11.147938458136567,0.27147768452557197,775.3043255850395,39.24757687949118
177,8,2019-10-31,90.77691934204101,34.04147564728175,13.639418024486034,0.1575289394117118,691.9955885509843,23.864145425836156
178,8,2019-11-30,85.55442522583007,33.276432770758255,13.412014681088538,0.13020725027194854,662.9865042505471,21.35826301870011
179,8,2019-12-31,124.22449940185547,50.17429702363601,20.36488403184081,0.2559742057006032,1005.576632777432,38.20456311916196
180,9,2017-01-31,9.613287831115723,8.998448892489634,4.443876309027655,0.04568604033122047,75.86944037649053,94.20387830701254
181,9,2017-02-28,7.034367779159546,5.627429576868745,2.5610231316340184,0.02502695933667517,56.10379338748133,43.85284267766037
182,9,2017-03-31,12.071429097747803,9.223164824579376,4.567720178046935,0.025481857331368256,94.57617714102001,20.528505669299257
183,9,2017-04-30,6.672667624282837,4.609008623996271,1.8220941527990526,0.010887686104772665,50.55142871078253,7.749250254108737
184,9,2017-05-31,4.86052950668335,2.36306629305596,0.9335651934551266,0.007156657333846022,36.10988133834522,2.95235823674196
185,9,2017-06-30,7.7645887910842895,6.5914970006875535,3.1672440173596397,0.013603401153111426,56.86440048408158,6.654093074417337
186,9,2017-07-31,4.111482127189636,2.9656405845419513,1.3724500117327934,0.010496243080308306,29.817516554804744,6.104223848047894
187,9,2017-08-31,9.10425214805603,4.343279081766302,2.180559985564193,0.03326863920693566,66.09442703512038,31.298362757702805
188,9,2017-09-30,16.067409507751464,6.4585171376108095,3.1911405372248187,0.08117306140197607,114.22910834202744,60.06522002208449
189,9,2017-10-31,17.430810260009764,6.249581984306592,3.017125025991997,0.11075529544869575,124.13537919054997,12.209299271802893
190,9,2017-11-30,16.958881398010252,5.345560445818185,2.5082478575596916,0.04427294389464488,122.61508449970799,16.505156521060876
191,9,2017-12-31,11.646793103027344,3.509696969028983,1.6431555046446256,0.017378892433813378,88.14731974548573,7.066388541761201
192,9,2018-01-31,10.436184908294678,3.4475020858328205,1.5353436663020479,0.015847807433142333,81.82490921285253,13.060212158807266
193,9,2018-02-28,10.660917514801026,4.420561554202826,1.9354835622880306,0.014532288894600454,84.2916278253812,7.234075201908743
194,9,2018-03-31,7.471645480728149,3.1559496778087226,1.5144968806190933,0.02581769066510628,58.27898580467429,17.068751597642837
195,9,2018-04-30,12.67823398246765,5.135733495007432,2.406108244897456,0.04082669469363691,94.97304452211132,57.06973590126086
196,9,2018-05-31,7.139321436882019,2.5262350450532964,1.1329251795524466,0.0169786214751297,52.79025601867438,8.459019106546405
197,9,2018-06-30,0.7066636190414429,0.1211254347031468,0.047582980751957174,0.0014345864609702646,5.156433541818624,0.8102644098763462
198,9,2018-07-31,0.730219073009491,0.14096293518411843,0.05958645846166892,0.0009337840045284943,5.29480630660412,0.5107974515456101
199,9,2018-08-31,0.730219073009491,0.2507012677414455,0.08258033121413991,0.0009989387961369023,5.288119145556659,0.4308784370951361
200,9,2018-09-30,1.1497620523452758,1.236489019971512,0.38886317514531216,0.0032617314178294255,8.168255539022816,2.0432488663111323
201,9,2018-10-31,4.140494631099701,3.0924777433483097,1.5110716866157146,0.0048682020709060825,29.35410556405851,2.8640938585952194
202,9,2018-11-30,12.704608992576599,19.534051561123032,7.02500235141163,0.051387362701939214,91.71895826553506,71.87829025708749
203,9,2018-12-31,15.428954924011231,8.978696985910663,3.5604149505657308,0.021476391470328617,115.73013291371772,7.730624192290329
204,9,2019-01-31,3.7000336066246033,2.082715492224898,0.8819713223048984,0.01377716147380291,28.79980350688648,28.443973516872486
205,9,2019-02-28,12.752447938728332,8.221976697532082,4.216178146821113,0.07199698128371274,100.37883483432961,170.13200529553998
206,9,2019-03-31,22.289068171691895,13.917718821132574,6.427898119311794,0.04905795434690667,172.3756679941778,31.596267996251928
207,9,2019-04-30,9.141358897018433,3.6730581593790785,1.709823983142752,0.020152902923993278,68.71592807073736,5.199304665062728
208,9,2019-05-31,2.033139437484741,1.5452393070593833,0.6595057526398125,0.007711145434794253,14.980427718365998,7.487032875980748
209,9,2019-06-30,13.493218722438812,7.970779250914553,3.4459101109903147,0.07712652598691698,98.11934708421431,77.3371638979045
210,9,2019-07-31,4.549305639839172,2.133289799582715,0.9768504334611873,0.017069681493525557,32.923669080003954,5.08108029169826
211,9,2019-08-31,5.564739499282837,2.725229258943913,1.2067653787903547,0.03134357149093874,40.22805649491176,7.145446248774029
212,9,2019-09-30,20.77269309310913,11.902588449009384,6.102432629999231,0.08641141683404387,146.99953151607878,26.338431238509912
213,9,2019-10-31,18.567568885803222,8.858575640449834,4.477207087466749,0.05416797684014918,131.5140770883019,18.431134864978155
214,9,2019-11-30,17.50747959365845,6.8263210299303525,3.0151675970907226,0.0838204751539993,126.05342596987161,52.38332128596236
215,9,2019-12-31,25.290532466125487,8.02507309517244,3.80714230919095,0.14354102761022197,190.22274136907149,320.18074125377257
216,10,2017-01-31,1.804638650894165,0.9105333035550086,0.5164747542801514,0.0015320754426595925,11.720055514557371,0.9967577722361927
217,10,2017-02-28,0.986658637046814,0.4899103108944113,0.27749128873120676,0.0007903790527575584,6.435607433594925,0.6584629353817614
218,10,2017-03-31,3.7030645534515383,1.5854472528914751,0.8794144655119903,0.0025673432978507923,24.27900245877509,4.805216763112923
219,10,2017-04-30,5.207290517807007,2.170427421038839,1.2007380007796253,0.004325659861798509,34.2846938034248,7.416970902800321
220,10,2017-05-31,5.7026716953277585,3.164742589028248,1.7585983061171357,0.00391084999979653,37.63952192610913,3.8587961603119005
221,10,2017-06-30,3.9995096554756167,2.31251881943941,1.3587121689379003,0.0020084360617960107,26.310658994747122,2.079931386308945
222,10,2017-07-31,0.8153708905220032,0.45675954654255985,0.26712379514523965,0.0005192998424918673,5.2137562095869505,1.2100263772726356
223,10,2017-08-31,4.753067726898194,2.6121323806114924,1.5237221853191631,0.004282553232292851,29.075493193009763,8.085891772089498
224,10,2017-09-30,6.445121077537537,3.351468605167375,1.9405089007095235,0.0025450967627217718,37.57603718116097,4.562683487229427
225,10,2017-10-31,7.567243509292602,3.950111903405945,2.2856142126832855,0.007774057920895562,41.0482726869578,3.3404638218437306
226,10,2017-11-30,3.536563906288147,1.8469780150316502,1.0553144151162113,0.0048012357042710304,17.141068332981675,1.1197465419871333
227,10,2017-12-31,1.694384287261963,0.8543441599065358,0.45646951015989834,0.0022666360411435727,7.503276825298899,0.562908577013735
228,10,2018-01-31,1.5284592121124267,0.711049623080223,0.37646271320500524,0.002047711306017022,6.594475749777175,0.5896209161841098
229,10,2018-02-28,1.4552579283714295,0.6620676477968437,0.3592062848648508,0.0019928795419741027,6.211095520851182,0.6382439988818007
230,10,2018-03-31,1.5736883345603943,0.7162664159318833,0.39520046574804085,0.002178874968608056,6.735282010092227,0.703344774525813
231,10,2018-04-30,14.751197760772705,6.685142528479089,3.631323240553645,0.020120020136439303,63.16604210998605,6.640108734047149
232,10,2018-05-31,3.5606485399246215,1.3215153765966579,0.6379115340208836,0.002973791544008216,15.02369134283411,1.8431101322973646
233,10,2018-06-30,0.5991579510211945,0.17356401956743692,0.09168284469699066,0.0002702483094899786,2.4647884169393657,0.34257039882092477
234,10,2018-07-31,0.26139626569747926,0.07757132455596807,0.040957421082760445,0.00011789094462976332,1.0433890767332568,0.14303168709066036
235,10,2018-08-31,0.8011911423683167,0.24525059183504944,0.13096854297329338,0.00038643417374725194,3.1738003169969717,0.41690551448384416
236,10,2018-09-30,0.9704704211711883,0.29843855109242107,0.1598645431796402,0.0005547655316611811,3.8370657981816083,0.501992536908825
237,10,2018-10-31,1.029330565881729,0.3180297036813791,0.1696969403317039,0.0006401322522454901,4.091022013282963,0.5314507125611098
238,10,2018-11-30,8.604215498542786,3.0768671178472053,1.4578981427884594,0.006717304193465993,35.055561859133654,4.3909259093327915
239,10,2018-12-31,8.098182069969177,4.622978063203083,1.7772713450306832,0.007278199942505247,33.07784923150642,4.214177930741939
240,10,2019-01-31,1.091693757534027,0.7425965508204573,0.41761752429320154,0.0010027970482796847,4.462845739781957,0.8040555152497857
241,10,2019-02-28,7.73775246591568,5.257152226900706,3.058948410439469,0.008512732606314152,32.50255509956807,10.332992880617663
242,10,2019-03-31,14.889937369537353,10.255049564612035,4.367853938281028,0.018116196083235513,69.01615398216661,17.71390417939924
243,10,2019-04-30,4.051342228889466,2.2583300862974336,0.6836586733718127,0.00436741223920357,20.911089185461858,4.145669594544745
244,10,2019-05-31,2.5015618008613587,0.9234783557177424,0.34582938580985295,0.0008808437945235359,13.482666617081343,1.9008261694636193
245,10,2019-06-30,6.8328637739181515,2.3011714780178947,0.9325448346535494,0.00461584301414698,36.75154896139381,3.448369903032463
246,10,2019-07-31,1.5523251912117004,0.8653308273132103,0.2864949666103474,0.0012189518820067387,8.85042344973888,0.5604516078676733
247,10,2019-08-31,1.3531759805202483,0.681745579479462,0.32814617605952656,0.0008769456893614689,10.370449393075045,0.4152875366277267
248,10,2019-09-30,10.04261478023529,4.992453652961498,2.7390262998545984,0.005859928723478766,81.69642992826036,3.0893447799603346
249,10,2019-10-31,13.579830285644531,6.769344205482494,3.5750247450263575,0.019381336146527248,110.70044034209278,5.41840050692386
250,10,2019-11-30,13.328049497222901,6.3420717075832,3.2108403181680942,0.020472419520983227,108.18866844303818,16.205193078608122
251,10,2019-12-31,13.685153315734864,5.770892473595215,3.0693848071532677,0.020288507311209802,110.18334355610332,29.703678886057652
252,11,2017-01-31,5.967263465881348,1.4091201964123106,0.5282181883691537,0.0052865488392012374,25.75722130403235,1.016915222491375
253,11,2017-02-28,4.827604851150513,1.0153852731904747,0.3676603991729054,0.003254192257906807,21.07617934982926,0.8753037614914929
254,11,2017-03-31,7.8216378730773926,1.9711713059299598,0.7050862243491713,0.00760603787755946,33.14425700336792,1.4291719619029377
255,11,2017-04-30,10.349484404754639,2.420392806721559,0.8554482472386791,0.013762519965093499,43.800122332387744,1.7936166250854146
256,11,2017-05-31,13.920977588653564,3.6508640458979973,1.315520672975164,0.016063701703022168,57.06141838832176,5.590348927197399
257,11,2017-06-30,14.237702531433106,4.488287613200279,1.6001676797475965,0.03404411452293767,61.26879174106155,10.122876186901175
258,11,2017-07-31,7.138541045379639,1.9251279123691747,0.7132824939929927,0.016481807079567794,28.264552369827452,5.5324004551875845
259,11,2017-08-31,21.599230696105955,5.4143990286774555,1.9421938435827348,0.06191934476413991,99.96496403437878,32.837010877448904
260,11,2017-09-30,42.58267805786133,9.284166235466417,3.294767565118037,0.05210770417853047,194.56251502692524,38.50045812275853
261,11,2017-10-31,28.239853154754638,6.10369051354793,2.1487006855662063,0.021484002838491466,123.14492971933234,4.918794573897992
262,11,2017-11-30,12.742687593841552,2.766909606469217,1.0254157110680693,0.011593628339392715,55.26739090123143,4.397532568209362
263,11,2017-12-31,6.784186006164551,1.4925804760530883,0.5489107779461447,0.00547180396974313,28.608816506965812,1.235138721432635
264,11,2018-01-31,5.8738076168060305,1.3342077446272933,0.5007389732665245,0.004921593501707518,24.630643243836403,1.1609191736031466
265,11,2018-02-28,5.097992531204223,1.1434094320630794,0.4128747672291007,0.003503474976539337,20.897141007713333,0.8420952195491205
266,11,2018-03-31,9.419488920593261,1.7901527997024276,0.6190661613763667,0.007738822115178932,40.66335258554696,2.074646711221102
267,11,2018-04-30,37.4707701095581,8.185983782856722,2.948896755562991,0.029481568362430197,154.49672034478735,9.668509467994909
268,11,2018-05-31,34.754809515380856,7.414624366937005,2.580127701460059,0.03453916180504716,150.15058191837605,13.390949788116604
269,11,2018-06-30,5.803268726348877,1.2645803284839432,0.48050182369565786,0.01774615622184833,23.242592443291024,2.477877793916807
270,11,2018-07-31,5.91316261138916,1.181604670409403,0.4124272161296407,0.012356227120507515,23.039978113789402,2.1699114917245095
271,11,2018-08-31,4.421838843154907,0.9914643508035835,0.33156906148372683,0.009617794536099903,15.26598864823567,2.0244452771484953
272,11,2018-09-30,6.497534395980835,1.602433089490912,0.5693050790369603,0.014537443398279889,23.56810406330153,3.215758037690236
273,11,2018-10-31,4.95144801864624,1.0676909751666162,0.4035055741431881,0.007570107212214641,16.97230767854822,0.9659940809503819
274,11,2018-11-30,16.998798209381103,7.380184974426219,2.703190385065974,0.09831413240204531,64.05423595122068,32.014861204193465
275,11,2018-12-31,14.643405361175537,4.536547602000934,1.6653167796983654,0.021870170199266792,52.34417141646389,2.6199048067791946
276,11,2019-01-31,5.635763906478882,1.6290109265257888,0.6486123487703269,0.006934323079002706,23.254839320158627,1.0288975228666954
277,11,2019-02-28,5.824937960815429,1.8333507259686543,0.8172760530015412,0.008587883616214197,22.830152508126083,0.9581357085817561
278,11,2019-03-31,8.122009927368165,2.461354608397897,0.8432967915777594,0.012232586461981103,31.03863614221033,1.4568801483731724
279,11,2019-04-30,15.70687636871338,4.534841983329327,1.6997359462910595,0.021558761033709153,62.11536473256716,5.13113524922151
280,11,2019-05-31,20.14225866622925,5.719104041115952,2.1269230462690114,0.03777403518764498,80.46040102183255,7.384519468266543
281,11,2019-06-30,27.642211516571045,7.361131356812138,2.69549424603501,0.0511493512105772,112.26377220408048,15.951730879647938
282,11,2019-07-31,7.414823336791992,1.796406386570625,0.6512180571188527,0.01793418577894221,29.445833182194317,3.359895463012867
283,11,2019-08-31,12.535474500274658,2.4496612437161644,0.8542340466480579,0.030271857453207245,46.634069849436216,8.063447418833137
284,11,2019-09-30,44.45284354705811,8.995070552226961,3.2043606618517217,0.09354389543248878,186.5647864876181,60.9256851390357
285,11,2019-10-31,44.514837336730956,8.338707432845954,2.9179884728230467,0.0775028025000953,191.87529949573738,25.61609598089909
286,11,2019-11-30,24.231803803253175,5.634194051168306,1.9677988929209007,0.04803105292495358,104.83461047670353,15.218535725454238
287,11,2019-12-31,12.950028897857665,2.6011711032962825,0.9074196634949853,0.0176724623794942,57.41065269843888,2.616583174396412
288,12,2017-01-31,5.60719229850769,1.8329420885611676,0.43553226171546,0.007289739868695783,38.07868518409702,1.3366821503761883
289,12,2017-02-28,3.065646838760376,0.9999331693948009,0.2304538571765553,0.004318520417043516,19.838677277305656,0.552984105528498
290,12,2017-03-31,11.505790993881226,4.113048432249114,0.9690599524317103,0.023299175516320093,67.17873370005366,2.0663612941136233
291,12,2017-04-30,16.179571424102782,5.7865716068114175,1.385474583516384,0.029312620837168454,113.58131707470471,3.4605723479886543
292,12,2017-05-31,17.71877007408142,6.126225156285759,1.4674485602769618,0.03063170071306782,123.76753764383575,13.771366876615014
293,12,2017-06-30,12.426875640678405,4.983558774129881,1.1966727266329822,0.06386478548260997,105.31278976438509,17.27209845430892
294,12,2017-07-31,2.533438723754883,0.6038410511102493,0.13950596998071318,0.003774952410459053,17.93587964415733,2.344570624929807
295,12,2017-08-31,14.76825588912964,5.403979053997437,1.2750950153590161,0.1140310605777258,125.13956376222656,42.713895048688485
296,12,2017-09-30,20.0256343711853,6.602658791608401,1.5991320749572617,0.06155465490089895,201.54607495379065,16.977099431632713
297,12,2017-10-31,23.5121803150177,6.657209855628809,1.5782020791154987,0.04864778960108247,206.7571906688281,6.950171984316225
298,12,2017-11-30,10.988456825637817,3.314298221201472,0.820979012321737,0.015778091115928976,88.13228605493072,3.4154289281557286
299,12,2017-12-31,5.264621064376831,1.5059925219471217,0.36004245770744553,0.007003400632182495,38.29811228881592,1.5590030289991648
300,12,2018-01-31,4.749075281524658,1.5800579265794974,0.38368179960276777,0.005778659574088046,29.05616815286051,1.2213551592185552
301,12,2018-02-28,3.643697805976868,1.2776169545044378,0.3065706534849681,0.01434564089966383,26.026652283298997,3.2549051387207824
302,12,2018-03-31,3.0274186912536623,0.8609688387548254,0.21371065249790758,0.0028587678967539366,20.03535130433664,0.5381748128736077
303,12,2018-04-30,39.92910069465637,17.603513161137997,4.2840171282774575,0.1227635211970614,288.36306718256833,24.236100316177737
304,12,2018-05-31,16.88522471637726,4.772124570888681,1.1442922302398697,0.05413427831901165,127.77704143286037,4.628150357370147
305,12,2018-06-30,1.2535658740997315,0.3105114976826263,0.06684100591628593,0.001227648478704572,8.580364497095038,0.24769063262872146
306,12,2018-07-31,0.8737249268531799,0.21950440615288033,0.05112794359152412,0.0012861897743745795,4.558587415594608,0.16073506682119126
307,12,2018-08-31,1.2732751768112183,0.2846022405778269,0.06442877831662096,0.0016987534671502598,6.702097597165604,0.21507973261027216
308,12,2018-09-30,7.973164015102387,3.478926191264386,0.8091249572923297,0.03589412501371793,44.5511991297889,9.10529854379536
309,12,2018-10-31,2.2720831186294554,0.889490744706225,0.215882738172216,0.0045497428377451275,13.061271808834606,0.41689241933109644
310,12,2018-11-30,24.913689110183714,24.115874659481047,5.347284594799928,0.1753138187299372,200.2682007966827,50.346103243387454
311,12,2018-12-31,15.526511900711059,7.013416317412663,1.7499724701681258,0.044244485062057554,106.3169155821814,3.2974303434847014
312,12,2019-01-31,4.2239361013412475,1.851563655739889,0.4121322372977862,0.004035548450183099,29.98071943216835,0.6927742602437196
313,12,2019-02-28,5.648442362594604,2.85088955687939,0.700806295044337,0.0078803582581612,33.23208496486843,0.9714608917012121
314,12,2019-03-31,13.36674688796997,6.424271201022391,1.4987594239169864,0.022503006368588912,77.0821807716285,3.5601559019117137
315,12,2019-04-30,27.521165299987793,9.68241998242492,1.9553663954411187,0.036132475603201104,194.3677091206183,13.518069656780485
316,12,2019-05-31,20.98547110519409,5.734444297308682,1.2672819888867917,0.04272533663427728,166.6126984000161,7.194306173313229
317,12,2019-06-30,18.159680895996093,5.388780283221883,1.221068846321246,0.04238022689043106,162.72566753765943,4.9320742965618
318,12,2019-07-31,3.0121838848114013,0.6802579160182153,0.15470118157123544,0.006709885123550635,22.41477068425096,0.6116168402920509
319,12,2019-08-31,21.99094173660278,6.005477587035391,1.4064572745303205,0.07899814759330885,172.46108737889685,16.45532396154527
320,12,2019-09-30,20.992785651397703,6.593114169584409,1.521765233561405,0.080603217009964,186.3389859123299,10.360030629777379
321,12,2019-10-31,27.848548127746582,8.124036225256095,1.8838323972298259,0.039037921908904344,242.9351936205372,13.047661161409778
322,12,2019-11-30,22.818829205703736,8.393661067526388,1.974008362240669,0.09225800692915534,173.0446260500907,9.754786369713909
323,12,2019-12-31,12.666491695404053,3.510062015553019,0.8212404751386797,0.02471104278384368,92.35455944860298,2.08465181852453
324,13,2017-01-31,6.555791481399536,2.472531517963625,0.9084392669133264,0.00393043209102985,30.814060710907604,0.8303685124277884
325,13,2017-02-28,3.5842789060592652,1.0454343707547202,0.39517773546877916,0.001010534422373356,13.813095906448225,0.5147292987170352
326,13,2017-03-31,13.452287956237793,4.641357179097916,1.9292644286275387,0.01643853062147438,58.504418460711115,2.2616216251619536
327,13,2017-04-30,18.916756924438477,5.672601711162128,2.1025082306282776,0.015141214605473772,101.01113769100382,3.0657832240103193
328,13,2017-05-31,20.716350172805786,7.908225843870806,2.774338233113455,0.011125670182939222,121.68051542327686,2.7853383215097263
329,13,2017-06-30,14.529197464370727,3.5795669202698854,1.2607451514896815,0.004857623968906423,91.73376227503675,2.5946654394429727
330,13,2017-07-31,2.962034240913391,0.9209377503879517,0.33557055157260984,0.0022852711264606087,12.927317008593786,3.835135777457783
331,13,2017-08-31,17.266681480407716,4.767146192410225,1.7401682487111552,0.03038688542252203,150.6827002645717,51.678406243756214
332,13,2017-09-30,23.41347887878418,6.339785575751081,2.299631250349224,0.017108382302243808,176.4096941459817,4.530950286439181
333,13,2017-10-31,27.489863513946535,7.69686797857691,2.5784674442748874,0.018285474461981026,199.67608487086144,4.514213446463337
334,13,2017-11-30,12.847433604812622,3.4039729153953444,1.2492861130863502,0.005444713043530535,79.52021367156726,2.106981714215372
335,13,2017-12-31,6.155265550231934,1.5364348172397886,0.584634958201934,0.0031981395541754616,30.644304743555296,1.0097245852706822
336,13,2018-01-31,5.5525020961761475,1.4350297896555373,0.5370336294206131,0.0029151076668440697,27.57364894786653,1.0001733827438237
337,13,2018-02-28,4.2601218475341796,1.6297266169746873,0.45459450897113046,0.0023265030898046092,20.17974378203336,1.1255831264648468
338,13,2018-03-31,3.5395834951400755,1.7337090084727513,0.5213352892355517,0.0017527306711062167,14.915265172858573,1.0422043652493658
339,13,2018-04-30,46.68412312889099,18.741556519215763,6.989091117313524,0.03942861788096446,277.1989081688732,13.232443521178633
340,13,2018-05-31,19.741789831352232,3.801475673804276,1.3259697077156947,0.01043521874591642,129.8450766598413,4.168135292172086
341,13,2018-06-30,1.4656383836746216,0.4035726296625125,0.1489627269073378,0.0018565723607155949,5.771877304708794,0.24242746133190773
342,13,2018-07-31,1.0215377088546753,0.34527346190024627,0.12769995924408456,0.001758566867569356,3.881499842933383,0.20296726635556953
343,13,2018-08-31,1.488682036113739,0.5075962670443402,0.18183457730641028,0.0025196660745304537,5.696178327229173,0.6560674339146301
344,13,2018-09-30,9.32202732667923,3.156713115100722,1.0738659673923874,0.014746016338296032,37.15735477516626,3.4711680861143144
345,13,2018-10-31,2.6564637308120727,0.8291506700301016,0.26590873839861984,0.002552221560097454,14.667370766758303,0.5549907944625633
346,13,2018-11-30,29.128472455215455,8.344702352246841,2.769419721387235,0.01573761623432885,172.71079102543092,5.1402292064579305
347,13,2018-12-31,18.1532157749176,6.66342257965964,1.8532203176059443,0.011282980681445096,91.51700868475224,3.0958412033618807
348,13,2019-01-31,4.938522256851196,2.7915956974867693,0.9501641241778247,0.005332150106200406,18.351991429204524,0.9625623365482553
349,13,2019-02-28,6.604019858551025,3.4919130010404924,1.4532025869840117,0.0072579136501414055,24.18996976470166,1.5147693484343754
350,13,2019-03-31,15.628071952056885,8.207699837509404,3.468410773967805,0.01719402213643815,57.19794291112827,3.9502696935527006
351,13,2019-04-30,32.17706996154785,14.408501608455914,4.370752029036206,0.04296553153810934,104.61614046633916,6.9423814187607595
352,13,2019-05-31,24.535696824645996,6.771785424781875,2.50171022184221,0.03834876472649297,70.19824073991117,4.529472260407238
353,13,2019-06-30,21.231852089309694,5.780076494403338,2.1396334558484345,0.0333066940669781,60.54870195571574,4.498163175225
354,13,2019-07-31,3.378930848121643,0.9455202408606279,0.33008847900303223,0.005392352689968519,10.102049609876678,1.2997887441993425
355,13,2019-08-31,13.620777430915833,3.4167279058147964,1.3314588601597055,0.029758629593898706,59.16564547172277,4.434105239322204
356,13,2019-09-30,22.45727043457031,4.928745982143537,2.2301292155011,0.055440308904674475,133.8294116754247,5.501619092987201
357,13,2019-10-31,33.62348222122193,6.621377451716932,3.603661463979393,0.050451145188208556,241.5219537734257,6.3501542218063145
358,13,2019-11-30,32.74503673095703,6.716003558877812,2.946777292172255,0.02385392979516851,171.41263845584947,5.553317647005226
359,13,2019-12-31,14.40560305480957,3.134350144570999,1.1602530266905693,0.009252530900682784,70.40141051127185,2.395867090311168
360,14,2017-01-31,35.230978715515135,11.072984321017948,4.285053255710871,0.04014492807318395,212.9986142326839,35.7402857752196
361,14,2017-02-28,25.670029792785645,7.8803162153180395,3.022190404291206,0.027793494486657033,143.12222900938,24.34790552511767
362,14,2017-03-31,44.403147866821286,13.046035251864712,4.99181754125036,0.041795884705141076,226.3876628491889,38.3902971551277
363,14,2017-04-30,24.27914446105957,7.099594721351018,2.7186968928265847,0.021794268281131627,123.06693279370054,17.241645928720523
364,14,2017-05-31,17.496806310653685,5.446297832638703,2.027411552395545,0.026767575580700222,90.49722096312793,8.99432615127433
365,14,2017-06-30,28.353477193450928,10.704766079251083,4.198291249085493,0.0296842502072662,160.93197501296413,13.461236213338427
366,14,2017-07-31,14.701853382110595,5.593075834741031,2.2617587076984362,0.025187974448678093,84.2972309356286,7.345366638333053
367,14,2017-08-31,33.3315920791626,13.810154333748706,5.4744033367933715,0.07844330704908067,202.57638342374085,15.77952426137975
368,14,2017-09-30,59.334151739501955,27.54199417714542,11.50938999034972,0.12186538440155531,401.2789875558952,32.1191012917734
369,14,2017-10-31,64.40083818969727,30.00787900813049,12.669258291579188,0.15640658302204802,438.56161603194766,44.128991307414125
370,14,2017-11-30,62.66053872070312,29.327762589988165,12.214913419555545,0.06175641714187613,426.39792537274934,47.92562830509945
371,14,2017-12-31,42.81868556213379,20.4059575005678,7.770591137776136,0.04102028877283979,287.8888445434886,38.48118750203877
372,14,2018-01-31,38.30149039306641,16.201116097234024,5.510276163188784,0.04047222226530923,223.6470725209396,41.88663181787339
373,14,2018-02-28,39.20193178253174,13.501398040630056,5.127678739223416,0.048352186980675664,198.14204641012068,40.32946553047838
374,14,2018-03-31,27.23977525177002,9.18468171044151,3.568807597383554,0.036189038611145724,135.91688957791948,24.109228058525428
375,14,2018-04-30,46.687974005126954,15.717809933931138,6.155160388385048,0.06562607096673324,232.79570339952755,30.519500152350986
376,14,2018-05-31,25.99976113357544,8.719595521892325,3.2916330750544827,0.019076225947453954,129.92658925773833,13.948809165433177
377,14,2018-06-30,2.0179355506896974,0.6088808245712185,0.21964174906654754,0.0015810511153355002,10.102011464869989,0.9412850562856081
378,14,2018-07-31,2.0852000690460204,0.5520185034206808,0.18906319911749017,0.001643352428712609,10.892229278819531,1.0580649043474004
379,14,2018-08-31,2.0852000690460204,0.408411071369353,0.13874613007622005,0.0012926146729259872,11.16243991400174,1.0068927639730936
380,14,2018-09-30,3.6712879623413084,0.7951004172573091,0.2672677775341864,0.001465163247590002,17.97366378870489,1.855681982612065
381,14,2018-10-31,14.810108165359496,3.386350651835587,1.2277171024634483,0.009165270659166435,64.2949420495471,9.965692791322645
382,14,2018-11-30,46.78638835830689,10.731546196341906,3.873002682419593,0.04794140527893676,203.46898416548478,37.53778820716548
383,14,2018-12-31,56.93122927551269,14.355146473283975,4.747976320933559,0.05790438660242907,248.357976660449,54.51838195423297
384,14,2019-01-31,13.166597605133056,6.413582008353569,1.3970075454123925,0.013399290893514996,58.068171430777895,16.35930374428779
385,14,2019-02-28,47.00614852523804,26.587272434401036,10.707742102026199,0.05436819121662784,207.45762956229018,50.621004022191364
386,14,2019-03-31,82.52866719360351,45.603395407722026,19.61536877605961,0.09753630967940838,363.7636882973756,72.18725362210634
387,14,2019-04-30,33.49067904052735,18.488066534666526,7.964773214677828,0.039444973130879184,147.63633618152065,23.478798153629217
388,14,2019-05-31,6.94684337310791,3.4919460430236593,1.1792913367319924,0.004995483128599368,32.39077824316125,3.4184078694211526
389,14,2019-06-30,49.72896159095764,16.54241288661967,6.443637399564905,0.06062869073051582,248.23159941944988,21.76443605227834
390,14,2019-07-31,16.3355230178833,5.495848711491234,2.1493064490635274,0.01893291951459566,81.98252744849377,7.935386443992722
391,14,2019-08-31,20.12445543823242,6.969842344524816,2.730330725400765,0.04406444319608135,102.04379072226287,9.62591309926155
392,14,2019-09-30,76.89117974853515,26.722455771296996,10.221310641265596,0.3066594756595026,389.27534258296384,38.002903736264784
393,14,2019-10-31,68.64247490844727,28.3020305049198,7.766884378706241,0.26129987203377397,356.608218576246,57.03679558460967
394,14,2019-11-30,64.70754642333985,33.75854180410453,10.717920972676959,0.23246095846162335,356.52801610367214,101.8853613868883
395,14,2019-12-31,93.72816320800781,47.68325670273186,18.97276468834676,0.33455694778432676,525.8139440585882,202.26976757374467
396,15,2017-01-31,6.228256135940552,2.510147388676934,2.45178425339221,0.023621512138185204,32.66068124924389,1.920438153083659
397,15,2017-02-28,4.234363005638123,1.6918328965279281,1.6517038789428382,0.01759067951655461,22.20685421695526,1.3974108407603185
398,15,2017-03-31,8.752895459747315,3.5068304839867177,3.4242857377948384,0.03815196730547308,45.902189889254565,2.9465091353083337
399,15,2017-04-30,5.95940518913269,2.386726036908927,2.3307352188675505,0.02661529436187017,31.256769068372346,2.008923301151852
400,15,2017-05-31,4.976235442113876,1.9821091806265385,1.9353294481369268,0.022715192392976247,26.104012724367983,1.680952705442943
401,15,2017-06-30,6.097329942369461,2.5141773371386598,2.4087445464260973,0.028713911965501496,31.95430556546438,2.0060907784809556
402,15,2017-07-31,2.14075403881073,0.908982005386871,0.8332443876041224,0.010299443385513678,11.161993874000224,0.656644230939501
403,15,2017-08-31,7.307801435852051,3.1854441403146327,2.936705596093763,0.03272566043323443,38.12112739979837,2.0630961477174137
404,15,2017-09-30,12.722653907775879,5.146621976822422,4.978144278187836,0.0560508414192934,66.38893464543159,3.506019672958511
405,15,2017-10-31,14.125448865509034,5.397030768063401,5.271024408325397,0.0621084445748882,73.63697138049208,3.8988957869704057
406,15,2017-11-30,11.913379953002929,4.437223032800228,4.328647054131727,0.053680021898981564,62.02987276965679,3.2958035718539764
407,15,2017-12-31,7.510823073577881,2.701139301996923,2.6261908406212835,0.0348693410504817,39.10438834565617,2.179739024388103
408,15,2018-01-31,6.6362319202423095,2.3871784751485774,2.063929709985882,0.033296602275994944,34.68553359383854,2.094100406528514
409,15,2018-02-28,6.705189088439941,2.744099636764848,1.7150533807798225,0.03657447855900222,34.964810879152765,2.2555871416055755
410,15,2018-03-31,4.423664909934997,1.8831973993642797,1.041718586685872,0.0245892964945567,23.005236327519086,1.53015866099096
411,15,2018-04-30,13.568651762008667,5.7953661469567255,3.187128477991063,0.07663446029001873,70.40531518616004,4.712674587765241
412,15,2018-05-31,6.458689996173978,2.764934571223191,1.521969324498275,0.03680683976908992,33.49905005739462,2.2480179708669588
413,15,2018-06-30,0.2652140191197395,0.11662405554092226,0.0645103597911956,0.0015989024914258008,1.390906890569831,0.08936983201064691
414,15,2018-07-31,0.3359224880576134,0.1375210703909849,0.07715884895838315,0.0018854575474703662,1.6901106492212996,0.10581468530051277
415,15,2018-08-31,0.27766543752104045,0.11068234550878737,0.06208275378881302,0.001112150012194559,1.3957988612415015,0.08066038459753909
416,15,2018-09-30,1.1422158954938875,0.4605132246590447,0.25664740498010685,0.004960057167434847,5.782637038076191,0.32382903519882533
417,15,2018-10-31,2.24239848446846,0.9102366846903099,0.505608136089802,0.010133090433805067,11.402772753505513,0.6383854033468384
418,15,2018-11-30,11.26862653913498,4.5957783994569406,2.544555512609177,0.05203572536287867,57.52256892853965,3.227063977404498
419,15,2018-12-31,11.578360054779052,4.74981103071756,2.6062859880219063,0.05379325043991268,59.28749825481273,3.459100380865528
420,15,2019-01-31,2.1314454591158776,0.896650268263302,0.4801657827969628,0.010044167422440567,10.993464074194224,0.6936607669673804
421,15,2019-02-28,8.388125708162784,3.552767502627043,2.103539754598079,0.04220252024101988,43.33058478413649,3.035400493317702
422,15,2019-03-31,15.750190242004395,6.305493799711609,4.646677749995331,0.07796995129511045,81.25153667171345,5.826273649158354
423,15,2019-04-30,9.330996643066406,3.5900916515263614,3.1647338454891685,0.04527816283515838,48.046301093989534,3.482611106691373
424,15,2019-05-31,3.6235957467556,1.4186033535110676,1.323506691809271,0.017179282670088333,18.60993200329231,1.3681992164658656
425,15,2019-06-30,10.74416563425064,4.313767288029234,4.098878023051844,0.04933210137267837,55.2499213693705,3.940520081622014
426,15,2019-07-31,2.5865360901474954,1.0429689789143697,0.9751984804029868,0.011680944871691313,13.318536842780977,0.9061879241936496
427,15,2019-08-31,4.587597293579578,1.847434098579699,1.7168535194791312,0.01881314484493659,23.770942348876165,1.455369514877099
428,15,2019-09-30,15.686471317291259,5.92340981232841,5.498853675017454,0.05949167480778056,81.46602234672967,4.932187674336027
429,15,2019-10-31,15.681614584350585,5.641237474250137,5.081788891470578,0.0549542952569235,81.38439340605798,5.036806456906453
430,15,2019-11-30,14.900136898040772,5.3367345095687835,4.347027042821702,0.051891994127659165,77.19656978395274,4.9189169712459915
431,15,2019-12-31,17.55993532104492,7.140917992753761,4.481874663578731,0.0651778666241298,90.04217417847423,6.308787540701296
432,17,2017-01-31,9.750870043945312,2.903545205437866,0.9207305135099404,0.017521064584209392,52.31384561600991,23.587441374664824
433,17,2017-02-28,5.729301710128784,1.582407351867133,0.551818091150141,0.019988829992010224,30.688180873112927,12.016689232517619
434,17,2017-03-31,18.833556005859375,4.956577939580958,1.830566707759637,0.07806596871673188,100.47352411995257,34.85113315835896
435,17,2017-04-30,25.994232861328125,6.662748524163521,2.4259296152664143,0.09745248199830583,138.0755489355688,47.812835724360404
436,17,2017-05-31,28.400326041412352,7.648870639744445,2.349990044219377,0.05743038955100695,153.3126524049344,55.8803474367037
437,17,2017-06-30,20.215817166137697,8.940968559530704,3.3078336078338184,0.05745492151058753,109.201348346246,31.670660740067586
438,17,2017-07-31,5.017891878890992,1.3918348506550056,0.5001705069410046,0.009923896597750143,27.943038403597672,7.651772055865729
439,17,2017-08-31,23.857112535095215,7.593147042479,2.871657685278435,0.1025588234898859,116.58393326890626,35.49849870557899
440,17,2017-09-30,31.916415934753417,8.724474773778862,3.1857506963705835,0.0539199383791055,144.50894046515666,57.66321426623413
441,17,2017-10-31,37.32104261398315,13.46247509575177,5.2885698456043,0.08950563101938097,204.88536788541063,95.3257863622701
442,17,2017-11-30,18.00093384475708,6.866426676702061,2.8086575338490563,0.024965129322700595,100.99290923618243,45.571071728425736
443,17,2017-12-31,9.223377504730225,2.9517617593741234,2.6603231515530386,0.01262016515736146,51.204725383476124,22.199807244667873
444,17,2018-01-31,8.429537995147705,3.4913530270841626,3.4316040686544,0.02189254065452703,46.569390879977085,21.641938557619408
445,17,2018-02-28,6.6193869541168215,3.3939360209499667,3.337010455787011,0.03440216467063537,36.37907087204832,18.78725983436722
446,17,2018-03-31,5.7785243362426755,3.359192213285895,3.306961615781533,0.035857314812838804,31.447844886376735,18.072888432569883
447,17,2018-04-30,62.563854096221924,25.177526047890932,23.548899863322962,0.30564387402291193,338.012110853655,205.28563082300437
448,17,2018-05-31,27.116829928207398,4.317485817791278,1.7468802049342742,0.052970346355019945,148.20581475941964,93.25337356823621
449,17,2018-06-30,3.011109766960144,0.8182556603421216,0.36608237670697585,0.007208158221146286,16.770381466813898,7.470548636281671
450,17,2018-07-31,2.46225797252655,0.7210779771406863,0.03538455121775807,0.009615659278442639,14.163585998373714,5.612773172845592
451,17,2018-08-31,3.0774870552062987,0.7681593488734276,0.10920608246794425,0.01983623588848395,15.635185191080035,6.340259671189356
452,17,2018-09-30,13.357973793411254,2.6545928562634566,1.6377537571086926,0.026657986928847095,62.393398161367834,28.541938570177965
453,17,2018-10-31,4.615455531692505,1.8737376242251085,0.5957613490243413,0.010568157342667903,26.171446117256277,14.427418184090675
454,17,2018-11-30,39.44306232833862,29.533497447428534,5.4320583100006745,0.059060454511673056,228.0878070950511,115.54639413456444
455,17,2018-12-31,25.024677964782715,19.005661207518422,3.3505835386660325,0.03753603438531502,142.59460139192902,66.5766483769315
456,17,2019-01-31,7.62092666015625,7.077372813932263,1.19158021926029,0.018679016627866314,43.1544521132477,21.787859740337574
457,17,2019-02-28,9.706300618743896,13.07805231457061,2.0532161628398997,0.043765049965882354,54.36852727146855,29.76376567008576
458,17,2019-03-31,21.69906329498291,25.733341459814653,7.0067345931800284,0.10278951125826906,119.80345565435904,67.78371346803391
459,17,2019-04-30,43.458064768981934,41.263167781964206,8.320710051595807,0.1489674912356642,237.40748504408074,131.01381384062046
460,17,2019-05-31,33.43040595703125,10.320294590399229,3.793939807424059,0.0516668144989676,182.16780568122908,93.45515617283466
461,17,2019-06-30,29.043213464355468,9.325369290605925,4.082740695618898,0.07592107262000797,165.20684119970971,68.17596261045351
462,17,2019-07-31,5.5669447128295895,1.5655932527055314,0.9321411824353103,0.021843858999678282,34.26276006998237,14.081575913804121
463,17,2019-08-31,19.05545633354187,5.500449433262412,3.136340245180333,0.05284696342483442,103.768430561428,46.95599784752808
464,17,2019-09-30,30.65708927307129,11.805046571454824,6.446810154493754,0.09427502305940416,156.36549285914154,81.1213236848352
465,17,2019-10-31,45.399018740844724,15.815839058076687,11.122876392226452,0.10466851276943513,276.0631052359144,182.4721758323288
466,17,2019-11-30,44.20607818908692,14.915846385059385,11.54922566499776,0.06946238980193828,266.87733554284824,151.85863979426637
467,17,2019-12-31,20.08907223815918,6.027406760095479,5.242692067500727,0.023026406731307555,119.00277678933492,62.0418305879036
468,18,2017-01-31,895.6159545410156,117.55682935251716,45.92472421186226,0.37832181318720964,2354.6444713778583,69.15009900081634
469,18,2017-02-28,713.8178775878906,95.36756492245057,35.353360910173144,0.43284831082663455,1929.0533673068992,64.51888330064565
470,18,2017-03-31,787.7678282226562,112.82781589149597,43.5643622991589,0.40190742134579677,2580.794388991533,113.13872815094194
471,18,2017-04-30,792.203150390625,126.12751612393645,58.688198214574,0.5439786319798396,2669.8704257792606,119.1814101336876
472,18,2017-05-31,1177.6713688476561,173.1482691903762,63.26491547811205,0.5066248849339544,3530.9579857143563,145.92097788310426
473,18,2017-06-30,1443.8818529296875,219.26177173464427,69.4308356350037,0.7136580646131636,5205.848507955565,182.46154143311554
474,18,2017-07-31,360.32226547851565,55.716755119281295,14.455325160011283,0.22139500343397212,1215.736026362378,37.350889135145735
475,18,2017-08-31,1051.2545053710937,135.49431273119697,37.627430629658384,0.6540249624434857,3556.654920429782,167.85558318456668
476,18,2017-09-30,1340.2556129882812,454.315975286981,72.94377768410358,0.595451507952359,5699.111655450441,221.6033925706206
477,18,2017-10-31,1554.1806603515624,243.18284654489392,107.74756995026762,1.217543756288877,7615.364263269902,339.150208527651
478,18,2017-11-30,1035.3428041992188,141.34615302286713,66.78040274717755,2.4512548455505367,4155.846586970289,163.76621517125835
479,18,2017-12-31,894.3226453125,127.4765366815079,46.373432818163366,0.5853028582490879,2631.6989109302413,75.08647596707283
480,18,2018-01-31,966.824722265625,132.41249505316074,51.325037340704675,0.4333007914937968,2556.82285969357,46.4985356693809
481,18,2018-02-28,806.6590888183594,118.88065234485458,41.530707894869586,0.5423488322499718,1904.4849588082463,43.55964695179328
482,18,2018-03-31,810.3127227539062,110.82749790106507,50.04888744584197,0.583139584330567,1898.476098083228,57.601251688124336
483,18,2018-04-30,1131.464503564453,159.7197757239991,99.19674188605885,1.041641056632911,3308.339857758031,278.75820675393703
484,18,2018-05-31,2502.1908703125,424.11922905458545,116.7466363828962,1.6902402725512278,7897.430606276952,711.8377859973375
485,18,2018-06-30,671.6661624755859,98.95954387890595,24.66289678102552,0.5626097821228154,2050.649801620785,168.90086783079005
486,18,2018-07-31,320.97791096191406,44.98813992063058,10.832358740380785,0.39003750025023876,882.8718838956546,40.53327085475309
487,18,2018-08-31,452.15916767578125,55.701728187624475,13.045494904627578,0.1726351945223938,1219.439707422838,62.75131618609757
488,18,2018-09-30,760.6425906738282,104.47992490980047,29.15364834100136,0.3293770891963503,2275.1759347514812,136.77951713241305
489,18,2018-10-31,672.2445089355468,91.81344413584048,40.45833609224939,1.0397304885481577,2148.900472572991,88.25867506842276
490,18,2018-11-30,1149.9621916992187,154.6859894377011,99.43391437142878,2.0093388167584827,3801.0228475581657,187.75654649410973
491,18,2018-12-31,920.640905859375,129.20133533628592,74.35644997971833,0.5824762541253438,3171.831822535115,93.76849295449865
492,18,2019-01-31,851.7365551757813,130.87358535168042,51.92988511644739,0.6155458953040798,2457.8148402381144,59.49058681571155
493,18,2019-02-28,839.040198046875,155.0998426358749,52.65785079290366,0.7794991694500985,2237.0490732739217,67.03966466626022
494,18,2019-03-31,961.4574650390625,241.4013705417467,118.31078670207748,0.8189770386050745,3007.969980737113,180.05162455636537
495,18,2019-04-30,997.9702321289062,193.86204270332618,110.48380698742034,1.612805797867511,3487.899641309666,167.71218314523318
496,18,2019-05-31,1843.5039038085938,274.9306946003637,147.71902703332856,2.270552841007637,6078.474678293038,393.00824675937844
497,18,2019-06-30,1507.0859129882813,223.13637630534856,104.06286479164459,2.1657617230708777,5491.2386901629825,299.6582958066986
498,18,2019-07-31,518.9526193359375,81.32366346152081,25.508576063037133,0.9253849831919913,1811.6893173438593,60.15766674893246
499,18,2019-08-31,750.5780980957031,99.10650525754674,31.065854859614046,1.696642407815367,2537.8540027848817,120.33169868115255
500,18,2019-09-30,791.384417578125,100.97828903055841,40.44903457794659,1.7740091569455094,2943.358782175954,128.30966520137994
501,18,2019-10-31,1225.7702551757814,205.17749568223707,76.69780560734277,2.19352239848794,4479.001705371745,131.9282656738275
502,18,2019-11-30,1019.014456640625,155.08382474235904,70.38508930814815,1.6493936434711887,3679.3567912505896,163.8342087456601
503,18,2019-12-31,967.2517388671876,156.76662875479306,73.07088767370477,1.137700721925023,3378.4285594443427,153.19134024620948
504,19,2017-01-31,9.75985369491577,1.636971259376768,0.792466078772858,0.0047864864805947874,42.85501410837926,2.4424068968643766
505,19,2017-02-28,6.288967151641845,0.8694941025605891,0.5261990915459088,0.00425970779308271,26.455486940063828,1.5072766179625428
506,19,2017-03-31,17.21496644439697,2.137668896069633,1.4590317673204722,0.010226926534603975,68.93571173828643,3.2567930749125615
507,19,2017-04-30,23.03583038635254,2.7791022312564575,1.9655694587225754,0.012576458538633659,90.61049829181113,3.9880278190088516
508,19,2017-05-31,25.067417877960207,2.977285563646963,2.1633343636493594,0.012438509867725498,97.45754634811988,4.181680855182026
509,19,2017-06-30,18.292878554534912,2.1729953514453464,1.479174038598956,0.011280796129009705,71.11749562544955,3.050495015648846
510,19,2017-07-31,5.8750022048950195,0.8367296265718911,0.3807673477917634,0.007296737870980067,25.75114013956756,1.3115799726194577
511,19,2017-08-31,21.338326181030272,5.2701334784090985,2.4958574302585923,0.0335605131140182,142.03812782431856,10.377168908823792
512,19,2017-09-30,27.896786917877197,5.95343951236009,3.346712023593696,0.0451399928799997,196.87440777861056,18.621100631524374
513,19,2017-10-31,32.38958498153686,6.591885281869507,3.9255905166300535,0.052904600400923284,232.9381778567124,23.467084683489222
514,19,2017-11-30,16.47489158706665,3.3558828083490595,1.9882594819449735,0.02679961802488889,117.75877303523431,11.74785920009298
515,19,2017-12-31,9.326885215759278,1.8929705767615703,1.108745179840123,0.014910699954995783,65.756209192814,6.46061027999759
516,19,2018-01-31,8.675297959899902,1.7681584998479367,0.9640958630210241,0.012830537685584412,58.29608869132248,5.533347686347
517,19,2018-02-28,7.019553364562988,1.5547063753027466,0.7226521981046178,0.009469611490591251,44.73426674475235,4.249778550587695
518,19,2018-03-31,6.499332998657226,1.7458361173984585,0.7046419366046729,0.008987207765685297,43.14679151266575,4.594736746262535
519,19,2018-04-30,53.052352899169925,15.745142118503093,6.036118296853532,0.07567429420660912,368.2982685822906,42.06675855767381
520,19,2018-05-31,24.01391782836914,7.232502737063927,2.7508884608892368,0.03442068871035256,168.09583813938625,19.3858966177466
521,19,2018-06-30,4.171171110534668,1.267414640625686,0.47929625373926243,0.006001677161435754,29.358180957483878,3.4010857959309866
522,19,2018-07-31,3.7773254711151125,1.1101249130583346,0.43254102704326497,0.00528222077852154,25.826552908999865,2.9787868395608705
523,19,2018-08-31,4.2823085071563725,0.9325732739397283,0.48018722665053604,0.004237962995623893,22.134614122333847,2.486565628275543
524,19,2018-09-30,12.663927208328246,2.227378040436689,1.4565929769847263,0.00875296950963234,50.4855573648236,5.953599378980992
525,19,2018-10-31,5.544680445098877,0.7620696739981544,0.32468122708655384,0.004507062286937019,31.281111934390072,1.5175361621378103
526,19,2018-11-30,34.07469481658936,4.266755648601886,1.2732756979617945,0.029201835884526618,212.78281789343828,6.918611622921068
527,19,2018-12-31,22.29666946105957,2.9162988159943812,0.9341301388428968,0.01891500835065587,135.7426641504312,4.963903603945771
528,19,2019-01-31,8.011585752868653,1.1414170601760067,0.3897289848779285,0.007207554681685038,47.40789675720323,2.176986413430843
529,19,2019-02-28,9.55330703201294,1.5942712662803582,0.6089543003850252,0.01107979083753408,54.746522500855676,3.8981703912859826
530,19,2019-03-31,19.56698882446289,3.592465255249559,1.4210562939860767,0.02653239624346341,109.73996696496147,9.558624893739365
531,19,2019-04-30,37.37022872772217,6.980498233581453,2.7490416223853456,0.05170665932474786,209.22567225075804,17.878817563973197
532,19,2019-05-31,29.196131801605226,5.456164593282264,2.1504734987190033,0.040262112587558824,164.1929038333915,13.29833061901788
533,19,2019-06-30,25.53844825744629,4.775376053985658,1.873913211515878,0.03560226106523255,142.68629474599317,12.592503332955758
534,19,2019-07-31,6.325667433929444,1.2000138442389354,0.42268809351204023,0.010945985437019945,29.550814493833087,8.85761162492455
535,19,2019-08-31,17.397103539276124,3.238858832096938,1.2852258180091514,0.02415950954710747,78.42344965225647,17.70344615771612
536,19,2019-09-30,26.863125622558595,4.831014332292816,2.3294828617975836,0.02106812887708506,121.72938877795812,6.979224861199485
537,19,2019-10-31,39.02002793426514,6.913492590018527,3.8629942553397627,0.057119287280140256,217.4176433956683,33.98452943426103
538,19,2019-11-30,37.984201501464845,6.709183014727617,3.7800693532274603,0.056525453353251175,212.8498413531567,34.04052647813034
539,19,2019-12-31,18.245500158691407,3.209032995268053,1.8010070135811533,0.026717759080175353,100.894326071305,15.7887255308083
540,20,2017-01-31,49.139678794097904,21.454672733627483,15.138285204943408,0.16304031786249515,337.6955027294555,137.03860904174888
541,20,2017-02-28,36.18222650299072,26.27271335917019,20.640292804722286,0.19511451524084122,256.1717147115777,283.93507620950106
542,20,2017-03-31,61.36923751831055,51.568651618639564,41.302847010311694,0.37698028971258163,437.424244584578,585.6984470781608
543,20,2017-04-30,34.46739276237488,30.118613968683416,24.218029383236093,0.21776386481773072,246.31233200235266,343.83274237331506
544,20,2017-05-31,25.494115112113953,22.883355079155262,18.405017975745093,0.1639865124154939,183.26974403025375,261.8940635199194
545,20,2017-06-30,39.89983640213013,34.14715164646591,27.318799768748452,0.24526082479190203,284.596020930767,387.1206471681161
546,20,2017-07-31,21.767511236572265,5.267343366828485,3.129161077785713,0.05894588466914222,135.2056540115918,33.375450283034496
547,20,2017-08-31,46.60716249961853,18.105179720272336,12.502324668959028,0.3686778125142673,288.2762047388045,198.15505214958836
548,20,2017-09-30,81.20740186614991,29.37799373455324,25.237035956901728,0.2706592092337544,507.64924512791174,116.72068696779185
549,20,2017-10-31,88.03282586517334,31.63143986614605,27.84082992756459,0.24810114100319372,551.0366412529524,98.57471456693935
550,20,2017-11-30,85.6425861831665,30.94225208316183,27.126793282182945,0.24548420957026074,535.776562862179,98.80456866557736
551,20,2017-12-31,59.25662038421631,22.7546153814973,19.61992583158917,0.17097636915967118,368.7766210030218,70.63795568549627
552,20,2018-01-31,53.23369397277832,24.261083003852153,19.59325355409507,0.1413751279373402,320.0230735922444,77.6958278396624
553,20,2018-02-28,54.224762660980225,19.38981453418401,13.727958083817589,0.11569870371806264,306.97588948144266,105.82676460695843
554,20,2018-03-31,38.48474065704346,8.574917141959105,5.117585301495756,0.06506217625996365,209.32449679095777,66.79961051105674
555,20,2018-04-30,64.34583207550048,12.434552949472508,6.99912921859635,0.09834974362148527,345.6336555891332,97.65763453517577
556,20,2018-05-31,36.831388533782956,7.022576857312886,3.9271984375091518,0.05525931806703422,197.50680281334942,54.81618316092098
557,20,2018-06-30,4.7857804870605465,0.9177087738454954,0.5143794078732383,0.007258289394869785,25.70061963655514,7.132969214875846
558,20,2018-07-31,4.945306503295899,1.4556897499424704,1.007814957667737,0.015053973974102498,28.89719049952541,10.916298205762848
559,20,2018-08-31,4.945306503295899,2.633024962979004,2.1350465558211633,0.03251616444184882,34.16185585803515,19.2919219430119
560,20,2018-09-30,6.9902503967285154,3.8726909964945233,3.1369038660018003,0.046847066436292904,48.597537925962804,27.64310716383202
561,20,2018-10-31,21.911850885772704,18.429858180940503,13.533391447308546,0.0699593016289214,123.45047933994572,40.20103248992313
562,20,2018-11-30,64.47705093841553,65.74467140482588,46.57725368882536,0.06315312884549773,309.7484819864297,33.352570293687805
563,20,2018-12-31,78.07334584350586,79.39730829518228,56.28320277131418,0.07836787787699852,376.30390724932386,41.657106543473816
564,20,2019-01-31,19.72050338973999,19.384490936297798,13.789651507189983,0.021894320620264893,96.83268636056121,14.389933523356799
565,20,2019-02-28,64.63038379669189,34.409146463804795,26.278559588767408,0.1846658904267643,396.6748014397881,339.8558442511518
566,20,2019-03-31,112.20326273803711,43.13112494182268,36.074073588041585,0.3950371504537454,784.3917624371512,918.9859408363031
567,20,2019-04-30,46.74943943138123,17.47283788257665,14.842478363941087,0.1684020910660129,334.24681675214356,402.932316299038
568,20,2019-05-31,11.4274975856781,4.291384980283839,3.661767939838293,0.041601494006102885,82.64078491675726,100.55470278638047
569,20,2019-06-30,68.40048227920532,21.389035072330895,13.963713444451955,0.1500870699618406,348.15483002067623,169.0407605596656
570,20,2019-07-31,23.94573703994751,7.18258032172642,4.311938047594618,0.04528926173250488,113.66660535667849,16.373769403083447
571,20,2019-08-31,28.997648039245604,9.927435290540753,7.293776035494041,0.08041105522200537,204.25061940305687,14.451403447611678
572,20,2019-09-30,104.61677236633301,32.80939951177587,26.339467769023788,0.30381501446251735,752.8578290557375,106.64302079814549
573,20,2019-10-31,93.68834018554688,24.201630444173805,23.46270326222934,0.29379555136407004,695.4701008763423,190.2747392341222
574,20,2019-11-30,88.37192915496826,23.907961994345875,21.094827368226998,0.1689239450208646,533.4732906893239,167.27157191779278
575,20,2019-12-31,127.13591843261719,29.628317925411945,29.02984210018753,0.1432814305277545,676.7492866789985,200.9638321992271
576,21,2017-01-31,295.1179450927734,39.85479435789245,16.043829538538372,0.18550243054311216,900.2618444735234,47.097423338662864
577,21,2017-02-28,214.93201948242188,22.939050132214444,10.902560320098846,0.25544442551855634,699.7816476525936,67.82256192631047
578,21,2017-03-31,259.49232971191407,56.07194904090993,19.70780921254848,1.130742271981973,1342.2600304822356,127.39356130296915
579,21,2017-04-30,339.8298824707031,55.509025628765094,27.651394212233537,0.44212920407707085,1702.7141655873447,190.31162070871983
580,21,2017-05-31,428.2468998046875,74.63968061553244,44.96088139014053,0.6538243429732042,1729.8364552025696,177.11976158008505
581,21,2017-06-30,479.80462126464846,77.25974742670594,16.121969870206694,0.39456449212544714,1627.4117529558519,84.0640656298339
582,21,2017-07-31,218.50890908203124,34.60850749142452,5.545607086653344,0.2273764236525029,691.7101752375644,40.88386544736655
583,21,2017-08-31,323.98236760253906,52.334876641966474,9.293795009233333,0.35301215131652725,1020.6335983524285,87.24107716539018
584,21,2017-09-30,438.6213656982422,76.3642448282187,20.819404031538944,0.7060137796025355,2263.477263756177,415.24714382500713
585,21,2017-10-31,508.5967963623047,124.5801777612968,36.984958862117466,1.4042067456708855,3825.2101267441453,623.4582627835225
586,21,2017-11-30,319.2433916748047,66.55962469489305,20.704171748339228,0.5361527786518382,1645.2450953944883,162.2838374929895
587,21,2017-12-31,315.25303557128905,64.76091657231146,21.156428628810662,0.48004031801653463,1114.455676948037,174.16953264524736
588,21,2018-01-31,305.06725920410156,69.69675508743777,23.17101898177896,0.39136833944512783,978.402674773284,72.16087122317181
589,21,2018-02-28,275.05379619140626,60.31582187851898,19.403047910663407,0.22569033622878762,759.8106571350713,57.932991297609206
590,21,2018-03-31,284.16587893066406,59.357365913057876,19.083514803592255,0.2724991416872081,676.4930854533022,69.5545560185046
591,21,2018-04-30,630.5989357177734,152.05236614578945,42.57478495462542,1.1423906244294333,2695.076381639476,217.77090402909204
592,21,2018-05-31,617.2324782714844,79.43840695217402,33.749827900757076,0.9489377222798043,3076.2168182338573,257.1236461510426
593,21,2018-06-30,239.31044802246095,27.1902743795231,6.49013799833762,0.1853754210531514,669.6537302135529,42.658294096311536
594,21,2018-07-31,174.5961825805664,18.08972041331905,3.4247602054851054,0.12003152677653822,364.76796888876845,22.260541199397817
595,21,2018-08-31,168.1253092529297,21.762661589084445,5.213519052919951,0.2508782809443726,439.6839108328043,68.05898107798431
596,21,2018-09-30,292.4743155029297,58.051771656675434,20.075968977326777,1.3529342820593728,1369.6298370560387,193.21380308302759
597,21,2018-10-31,161.9427604614258,24.052390829805393,10.266198407554592,0.19062408289014676,768.4034374927725,30.16385271639866
598,21,2018-11-30,395.08187893066406,101.52044558420651,45.2103431395524,0.7676318650446711,1693.3649203879747,183.3494512797471
599,21,2018-12-31,304.4046353027344,132.57274575443057,45.14516162797482,0.7567643910058777,1411.8638228206455,200.7110760551421
600,21,2019-01-31,241.06928345947264,60.69908723695613,28.91861407296417,0.35946878257974824,821.5001576036176,98.23289590783764
601,21,2019-02-28,234.48544255371093,70.91018449041233,40.85797525058903,0.3072747514158482,888.3896505234047,78.33851367812466
602,21,2019-03-31,342.62974753417967,94.16118842525167,39.08298460480256,0.5455742428560031,1513.5972974911028,154.74902477197145
603,21,2019-04-30,519.6313305175781,133.3404502349069,36.16893523824772,0.5475888434387975,2369.874296082799,253.9897070452779
604,21,2019-05-31,533.3640769775391,101.19255532358659,19.04798924300116,0.5037338357098136,2208.96857840106,144.33877552499803
605,21,2019-06-30,426.1663006347656,78.75572266439224,16.763828174465942,1.0991532239098452,1673.5337661680064,93.39257626957867
606,21,2019-07-31,221.29827176513672,29.289002134911755,6.626895824798005,0.23443391741246386,686.0708990637681,46.97445846217908
607,21,2019-08-31,244.81847834472657,37.43139431703537,8.499026138576527,0.3762510694333031,884.3068550548658,37.904059030813706
608,21,2019-09-30,309.8407629638672,64.28989763416014,19.42718570834947,0.4962541539586607,1739.3467456641652,60.48875565380411
609,21,2019-10-31,458.7940577636719,82.49504238238562,37.200285881247424,0.939024721160484,2514.543933927401,103.52675022257385
610,21,2019-11-30,240.74785821533203,33.07499430112765,27.792197462925756,0.5625688951968086,1479.8089606477026,54.2361898385931
611,21,2019-12-31,304.03441790771484,42.32133454012369,29.16086232545027,0.6245143681108779,1729.9532701463093,70.60820505141695
612,22,2017-01-31,705.972258984375,79.63011478376099,33.60376039025967,0.39241122588822275,1708.7870659295231,25.302669970362754
613,22,2017-02-28,536.2544342285156,70.27052319569674,26.0822022228581,0.32603177019370777,1285.89337062232,20.60867447531524
614,22,2017-03-31,687.1555015136719,85.61520688415364,33.96259350872611,0.5310890068604524,1482.3841675502028,28.212917696228313
615,22,2017-04-30,822.7241006835937,102.92521069671795,43.84438058983158,0.4211487669702975,1805.0287703344047,31.105525477724402
616,22,2017-05-31,867.7084420898437,115.81492779979345,54.694255115797624,0.38188950839060004,2110.2228597035073,51.25049232790233
617,22,2017-06-30,713.373254296875,130.22502682359612,40.74595972233772,0.6973222885942787,2006.4663655128957,67.36759665765172
618,22,2017-07-31,511.7843118164063,84.62193582779537,26.829112517409076,0.9537557993653281,1578.867384667165,31.213301846292925
619,22,2017-08-31,666.0080969238281,94.36314427742275,31.744942934152952,2.4908721431806344,1741.676511086449,27.249053827499953
620,22,2017-09-30,945.6915440917969,143.81479811648478,46.823352791226945,1.4435023253914219,2781.05260028595,77.13154182231443
621,22,2017-10-31,1206.3270594726562,173.66727336670186,66.57652266900016,1.7095947551182364,4278.854144842016,363.35543263244824
622,22,2017-11-30,757.9694390625,113.65680826617195,40.287984808621054,0.9283728535993598,2481.889925378195,88.47272446179593
623,22,2017-12-31,973.5903290039063,143.18815829704627,49.51581815787903,0.7862745138550455,2723.296274838158,53.29702312286901
624,22,2018-01-31,796.5138203613282,126.58777827829319,40.29930689994653,0.39210726082027897,1910.1907777983517,26.193481529723215
625,22,2018-02-28,692.9502776367187,100.65303280265002,34.142894434072836,0.44501058184264575,1642.6813079480928,26.344120990542056
626,22,2018-03-31,741.9719021484375,104.73797607089705,35.7058036685867,0.44235061913935536,1697.2935660034293,29.42076054074071
627,22,2018-04-30,1366.212983203125,198.33622555121258,72.16059416206899,0.9335320317299353,3005.5028684140684,72.34298363858129
628,22,2018-05-31,1023.6479809570312,176.81460450586462,47.82384225734745,0.8028199847533493,2211.8768494541678,64.37327632581315
629,22,2018-06-30,486.32023212890624,66.75895213234254,19.392576531032493,0.21406374607968684,1111.354080084547,24.64989454547057
630,22,2018-07-31,365.9924190673828,49.55412915340656,12.458167645196198,0.410279137100133,828.2854790985308,21.518804823622787
631,22,2018-08-31,454.48833955078123,51.21412363677705,12.447744467601199,0.30871363696035103,823.7209020535722,24.988335687826858
632,22,2018-09-30,877.8106885253907,94.40019982633099,29.64248056444712,0.6166463543660743,1675.562170286301,37.2745091947951
633,22,2018-10-31,623.9076244628907,67.65884198547863,26.221564440532983,0.38497571029157507,1382.7735442335006,26.81750754228268
634,22,2018-11-30,1001.9067596191406,131.1610900110256,52.43988049644001,0.9427209069067848,2266.318888043972,60.12922083238743
635,22,2018-12-31,821.042230078125,125.41843010575246,54.671488109577176,0.7963312541971214,1994.529758100859,59.382674363662055
636,22,2019-01-31,774.3887811035156,107.83006690401096,46.30784592720393,0.4932265626507355,1771.0268339462218,33.963591913727704
637,22,2019-02-28,558.0784735839844,85.14616067735288,28.209591921450198,0.30704164920051985,1261.8744109002866,33.42272370094014
638,22,2019-03-31,703.0526242675782,110.28866241736141,41.130861297948826,0.4313677624568623,1668.036772509317,67.40616434921377
639,22,2019-04-30,853.7709247558594,123.9683554483619,47.869766267418214,0.7120063014333659,1931.9558856926956,84.34374813852534
640,22,2019-05-31,903.7315415039062,127.57014313413079,48.11139483048042,0.6136203317509744,2032.9388251281594,44.813719493839706
641,22,2019-06-30,744.8996289550781,110.69429236805043,39.89464773726125,0.7973497345971343,1894.8390403579895,38.08649058439931
642,22,2019-07-31,560.9413193115234,78.38755908115039,25.183946161812127,0.6253339592838255,1434.0562484683212,22.34900973962993
643,22,2019-08-31,794.6395075195312,102.30965525826288,33.44735581162665,0.49328075113844166,2047.8601241547453,32.28941595615006
644,22,2019-09-30,725.5184383300781,100.31921537715928,32.2873416706055,0.48594708866307895,2050.7213533121653,39.10365341883743
645,22,2019-10-31,818.0353647949219,116.18622808673501,39.90567985094647,0.4555671275425416,2324.6798809672846,50.22767716828758
646,22,2019-11-30,381.7597315429687,54.63887460627468,20.322058808173345,0.28282008570718936,1081.6475933143367,23.46906101232264
647,22,2019-12-31,571.0489677246094,100.40640149030477,32.50895091298304,0.3643108016168055,1559.6990490203498,34.92006107383089
648,23,2017-01-31,69.93157510986327,21.554603123012733,6.101777931088151,0.11936244968941502,364.5998483694144,8.072853253985603
649,23,2017-02-28,72.83181643066406,22.644019571739147,6.946440609772253,0.14496608644274475,381.7347892961549,9.025265435758355
650,23,2017-03-31,83.65801322021484,25.90289740723608,7.9012097737027975,0.16419222589661453,429.6431890934775,11.577056748297275
651,23,2017-04-30,134.23492045898436,41.269128159732695,12.576364677824262,0.2458411032657924,669.6432601163248,20.156873908244876
652,23,2017-05-31,155.3973586303711,47.224099272657334,13.902920576340074,0.27002191430279043,768.9022876949158,25.15565583675855
653,23,2017-06-30,231.65235087890625,68.50088104762601,16.75186671055953,0.41862179749131223,1169.9695369217707,39.35841730391216
654,23,2017-07-31,40.00550482177734,11.079808334265241,2.5801327696359397,0.07691206445845773,207.89653379725047,6.520312853249083
655,23,2017-08-31,78.96437175750732,21.776573789446402,5.04512974788705,0.1452085664318178,420.5643781921271,11.514570532227918
656,23,2017-09-30,282.0129954345703,79.86775775676534,17.90497854352091,0.4626480367076444,1551.2641977504995,38.62883602353546
657,23,2017-10-31,380.97291126708984,109.95852960357118,24.449088088827917,0.5683648490792222,2137.5895003508094,48.942563878073024
658,23,2017-11-30,132.21330435791015,38.52256354193096,8.980701996235837,0.20657068415589583,740.5617622149841,15.958022272775887
659,23,2017-12-31,97.46033593139649,29.086779218924804,8.249291328476705,0.17945424186061054,539.1921684481902,11.090342766324337
660,23,2018-01-31,101.66661557006836,31.049216565022665,10.258591051938696,0.21574925358299513,557.610454037681,11.680028848610226
661,23,2018-02-28,117.55151433105469,36.220578924954324,12.565014401771672,0.28544665425541965,649.3576015256751,14.576719026103499
662,23,2018-03-31,88.56759375,27.13614048763802,9.473549562500477,0.20567242733047067,476.23318221010555,11.93657534300664
663,23,2018-04-30,255.05114512939454,77.21880649619054,27.106893581176106,0.5131927482619205,1294.0171550881337,38.46211676889955
664,23,2018-05-31,165.24839481811523,49.61664082252035,17.216394454162096,0.31826865042115904,829.7939645744511,26.139468395918797
665,23,2018-06-30,28.441718756103516,8.236657632687669,2.426821511738227,0.05554260647193593,144.90747620005342,4.790928711726228
666,23,2018-07-31,18.524014741516112,5.071344979908741,1.2750478733358148,0.0374183693511853,96.15401418584148,2.970964601072405
667,23,2018-08-31,18.069001666259766,4.909417407044268,1.189881552615947,0.03588142171291604,95.11142445544317,2.644961705627948
668,23,2018-09-30,111.31543817138672,31.331525038447605,7.2388954026845385,0.1894868121772053,607.5523352360229,15.03249280016483
669,23,2018-10-31,82.55984103698731,23.660708222402807,5.43458987641721,0.1276103998221339,459.6002931876045,10.65152885460219
670,23,2018-11-30,157.17668936462402,45.6058687147403,11.290953373825683,0.2604372778728636,880.8094433738456,18.767754297507345
671,23,2018-12-31,158.92943653564453,47.12465259879091,14.228192085067883,0.3095549565091436,887.2144639272805,18.01850011487582
672,23,2019-01-31,130.40203117675782,39.63047160393913,13.664175588401958,0.29191422248249826,730.0124990868945,14.92665957910513
673,23,2019-02-28,91.84733767089844,28.16042889229399,10.141166989673371,0.22848421665734336,517.6549989944272,11.31498872518429
674,23,2019-03-31,169.43618594970704,51.589673188301965,18.7567006040109,0.39844812113414735,920.5136575089176,22.9679825860237
675,23,2019-04-30,222.85826564941405,67.22521757966972,24.36419904951723,0.47507554554712333,1154.168408012944,32.87895227566464
676,23,2019-05-31,301.41796959228515,89.87709421230808,32.07194412085526,0.6086876568817692,1532.415136760023,47.41316130276514
677,23,2019-06-30,112.586002734375,32.3007592501501,10.070113472953604,0.23060527825124896,577.7139870035551,18.825648144347365
678,23,2019-07-31,44.19978261108398,12.104991401200394,3.22633434350543,0.09146270466391762,228.75706757692967,7.112978623104816
679,23,2019-08-31,103.27219650878907,27.952717307665527,6.9748221514600575,0.21104325261371779,540.8323371797909,14.917264334020896
680,23,2019-09-30,102.61299740638732,28.453610250961816,6.918697691275622,0.18879343602871965,551.0748810786538,13.938561008699226
681,23,2019-10-31,248.06283189697265,70.93296879983198,17.079307145629066,0.39715270314785805,1382.6399951341145,31.394654792004715
682,23,2019-11-30,221.42922044677735,64.07493312385475,16.663399439056427,0.3817307389355836,1237.8450183769546,26.233999418510123
683,23,2019-12-31,219.35229060058595,64.72748312726583,20.57380675822858,0.43830353709725395,1220.4422924561711,24.7228087682519
